Customer ID,Customer Name
AB-10015,Aaron Bergman
AH-10030,Aaron Hawkins
AS-10045,Aaron Smayling
AB-10060,Adam Bellavance
AH-10075,Adam Hart
AS-10090,Adam Shillingsburg
AB-10105,Adrian Barton
AH-10120,Adrian Hane
AS-10135,Adrian Shami
AB-10165,Alan Barnes
AD-10180,Alan Dominguez
AH-10210,Alan Hwang
AS-10225,Alan Schoenberger
AS-10240,Alan Shonely
AB-10255,Alejandro Ballentine
AG-10270,Alejandro Grove
AS-10285,Alejandro Savely
AG-10300,Aleksandra Gannaway
AA-10315,Alex Avila
AG-10330,Alex Grayson
AM-10360,Alice McCarthy
AA-10375,Allen Armold
AG-10390,Allen Goldenen
AR-10405,Allen Rosenblatt
AC-10420,Alyssa Crouse
AT-10435,Alyssa Tate
AC-10450,Amy Cox
AH-10465,Amy Hunt
AG-10495,Andrew Gjertsen
AR-10510,Andrew Roberts
AR-10540,Andy Reiter
AY-10555,Andy Yotov
AH-10585,Angele Hood
AB-10600,Ann Blume
AC-10615,Ann Chong
AS-10630,Ann Steele
AA-10645,Anna Andreadi
AC-10660,Anna Chung
AH-10690,Anna Häberlin
AM-10705,Anne McFarland
AP-10720,Anne Pryor
AT-10735,Annie Thurman
AZ-10750,Annie Zypern
AJ-10780,Anthony Jacobs
AJ-10795,Anthony Johnson
AO-10810,Anthony O'Donnell
AR-10825,Anthony Rawles
AW-10840,Anthony Witt
AI-10855,Arianne Irving
AF-10870,Art Ferguson
AG-10900,Arthur Gainer
AP-10915,Arthur Prichep
AW-10930,Arthur Wiediger
AJ-10945,Ashley Jarboe
AJ-10960,Astrea Jones
BB-10990,Barry Blumstein
BF-11005,Barry Franz
BF-11020,Barry Französisch
BP-11050,Barry Pond
BP-11095,Bart Pistole
BW-11110,Bart Watters
BC-11125,Becky Castell
BM-11140,Becky Martin
BP-11155,Becky Pak
BF-11170,Ben Ferrer
BP-11185,Ben Peterman
BW-11200,Ben Wallace
BF-11215,Benjamin Farhat
BP-11230,Benjamin Patterson
BV-11245,Benjamin Venier
BK-11260,Berenike Kampe
BF-11275,Beth Fritzler
BP-11290,Beth Paige
BT-11305,Beth Thompson
BD-11320,Bill Donatelli
BE-11335,Bill Eplett
BO-11350,Bill Overfelt
BS-11365,Bill Shonely
BS-11380,Bill Stewart
BT-11395,Bill Tyler
BE-11410,Bobby Elias
BT-11440,Bobby Trafton
BN-11470,Brad Norvell
BD-11500,Bradley Drucker
BN-11515,Bradley Nguyen
BT-11530,Bradley Talbott
BB-11545,Brenda Bowman
BD-11560,Brendan Dodson
BM-11575,Brendan Murry
BS-11590,Brendan Sweed
BD-11605,Brian Dahlen
BD-11620,Brian DeCherney
BM-11650,Brian Moss
BS-11665,Brian Stugart
BT-11680,Brian Thompson
BG-11695,Brooke Gillingham
BH-11710,Brosina Hoffman
BD-11725,Bruce Degenhardt
BG-11740,Bruce Geld
BS-11755,Bruce Stewart
BD-11770,Bryan Davis
BM-11785,Bryan Mills
BS-11800,Bryan Spruell
CM-11815,Candace McMahon
CS-11845,Cari Sayre
CL-11890,Carl Ludwig
CW-11905,Carl Weiss
CD-11920,Carlos Daly
CM-11935,Carlos Meador
CS-11950,Carlos Soltero
CA-11965,Carol Adams
CD-11980,Carol Darley
CT-11995,Carol Triggs
CJ-12010,Caroline Jumper
CB-12025,Cassandra Brandow
CG-12040,Catherine Glotzbach
CA-12055,Cathy Armstrong
CP-12085,Cathy Prescott
CC-12100,Chad Cunningham
CM-12115,Chad McGuire
CS-12130,Chad Sievert
CC-12145,Charles Crestani
CM-12160,Charles McCrossin
CS-12175,Charles Sheldon
CM-12190,Charlotte Melton
CK-12205,Chloris Kastensmidt
CC-12220,Chris Cortes
CM-12235,Chris McAfee
CS-12250,Chris Selesnick
CA-12265,Christina Anderson
CD-12280,Christina DeMoss
CV-12295,Christina VanderZanden
CA-12310,Christine Abelman
CK-12325,Christine Kargatis
CP-12340,Christine Phan
CS-12355,Christine Sundaresam
CC-12370,Christopher Conant
CM-12385,Christopher Martinez
CS-12400,Christopher Schild
CB-12415,Christy Brittain
CC-12430,Chuck Clark
CM-12445,Chuck Magee
CC-12475,Cindy Chapman
CS-12505,Cindy Stewart
CB-12535,Claudia Bergmann
CC-12550,Clay Cheatham
CL-12565,Clay Ludtke
CR-12580,Clay Rozendal
CK-12595,Clytie Kelty
CC-12610,Corey Catlett
Co-12640,Corey-Lock
CM-12655,Corinna Mitchell
CC-12670,Craig Carreira
CL-12700,Craig Leslie
CM-12715,Craig Molinari
CY-12745,Craig Yedwab
CK-12760,Cyma Kinney
CA-12775,Cynthia Arntzen
CD-12790,Cynthia Delaney
CV-12805,Cynthia Voltz
DK-12835,Damala Kotsonis
DL-12865,Dan Lawera
DR-12880,Dan Reichenbach
DK-12895,Dana Kaydos
DB-12910,Daniel Byrd
DL-12925,Daniel Lacy
DR-12940,Daniel Raglin
DM-12955,Dario Medina
DB-12970,Darren Budd
DK-12985,Darren Koutras
DP-13000,Darren Powers
DM-13015,Darrin Martin
DS-13030,Darrin Sayre
DV-13045,Darrin Van Huff
DB-13060,Dave Brooks
DH-13075,Dave Hallsten
DK-13090,Dave Kipp
DP-13105,Dave Poirier
DB-13120,David Bremer
DF-13135,David Flashing
DS-13180,David Smith
DW-13195,David Wiener
DB-13210,Dean Braden
DK-13225,Dean Katz
Dp-13240,Dean percer
DE-13255,Deanra Eno
DB-13270,Deborah Brumfield
DC-13285,Debra Catini
DG-13300,Deirdre Greer
DL-13315,Delfina Latchford
DL-13330,Denise Leinenbach
DM-13345,Denise Monton
DB-13360,Dennis Bolton
DK-13375,Dennis Kane
DP-13390,Dennis Pardue
DJ-13420,Denny Joy
DO-13435,Denny Ordway
DV-13465,Dianna Vittorini
DW-13480,Dianna Wilson
DL-13495,Dionis Lloyd
DJ-13510,Don Jones
DW-13540,Don Weiss
DD-13570,Dorothy Dickinson
DW-13585,Dorothy Wardle
Dl-13600,Dorris liebe
DB-13615,Doug Bickford
DJ-13630,Doug Jacobs
DO-13645,Doug O'Connell
DB-13660,Duane Benoit
DH-13675,Duane Huffman
DN-13690,Duane Noonan
EB-13705,Ed Braxton
EJ-13720,Ed Jacobs
EB-13750,Edward Becker
EH-13765,Edward Hooks
EK-13795,Eileen Kiefer
EM-13810,Eleni McCrary
EM-13825,Elizabeth Moffitt
EB-13840,Ellis Ballard
ER-13855,Elpida Rittenbach
EB-13870,Emily Burns
ED-13885,Emily Ducich
EP-13915,Emily Phan
EB-13930,Eric Barreto
EH-13945,Eric Hoffmann
EM-13960,Eric Murdock
EB-13975,Erica Bern
EH-13990,Erica Hackney
EH-14005,Erica Hernandez
ES-14020,Erica Smith
EA-14035,Erin Ashbrook
EC-14050,Erin Creighton
ES-14080,Erin Smith
EM-14095,Eudokia Martin
EB-14110,Eugene Barchas
EH-14125,Eugene Hildebrand
EM-14140,Eugene Moren
EJ-14155,Eva Jacobs
EB-14170,Evan Bailliet
FM-14215,Filia McAdams
FA-14230,Frank Atkinson
FC-14245,Frank Carlisle
FG-14260,Frank Gastineau
FH-14275,Frank Hawley
FM-14290,Frank Merwin
FO-14305,Frank Olsen
FP-14320,Frank Preis
FC-14335,Fred Chung
FH-14350,Fred Harton
FH-14365,Fred Hopkins
FM-14380,Fred McMath
FW-14395,Fred Wasserman
GH-14410,Gary Hansen
GH-14425,Gary Hwang
GM-14440,Gary McGarr
GZ-14470,Gary Zandusky
GM-14500,Gene McClure
GA-14515,George Ashbrook
GB-14530,George Bell
GZ-14545,George Zrebassa
GR-14560,Georgia Rosenberg
GD-14590,Giulietta Dortch
GW-14605,Giulietta Weimer
GK-14620,Grace Kelly
GG-14650,Greg Guthrie
GM-14680,Greg Matthias
GM-14695,Greg Maxwell
GT-14710,Greg Tran
GA-14725,Guy Armstrong
GT-14755,Guy Thornton
HR-14770,Hallie Redmond
HP-14815,Harold Pawlan
HR-14830,Harold Ryan
HM-14860,Harry Marie
HJ-14875,Heather Jas
HK-14890,Heather Kirkland
HA-14905,Helen Abelman
HA-14920,Helen Andreada
HW-14935,Helen Wasserman
HG-14965,Henry Goldwyn
HM-14980,Henry MacAllister
HF-14995,Herbert Flentye
HH-15010,Hilary Holden
HG-15025,Hunter Glantz
IM-15055,Ionia McGrath
IM-15070,Irene Maddox
IG-15085,Ivan Gibson
IL-15100,Ivan Liston
JG-15115,Jack Garza
JL-15130,Jack Lebron
JO-15145,Jack O'Briant
JG-15160,James Galang
JL-15175,James Lanier
JF-15190,Jamie Frazer
JK-15205,Jamie Kunitz
JW-15220,Jane Waco
JL-15235,Janet Lee
JM-15250,Janet Martin
JM-15265,Janet Molinari
JO-15280,Jas O'Carroll
JF-15295,Jason Fortune-
JG-15310,Jason Gross
JK-15325,Jason Klamczynski
JC-15340,Jasper Cacioppo
JF-15355,Jay Fein
JK-15370,Jay Kimmel
JC-15385,Jenna Caffey
JB-15400,Jennifer Braxton
JF-15415,Jennifer Ferguson
JH-15430,Jennifer Halladay
JJ-15445,Jennifer Jackson
JP-15460,Jennifer Patt
JE-15475,Jeremy Ellison
JF-15490,Jeremy Farry
JL-15505,Jeremy Lonsdale
JP-15520,Jeremy Pistek
JM-15535,Jessica Myrick
JO-15550,Jesus Ocampo
JF-15565,Jill Fjeld
JM-15580,Jill Matthias
JS-15595,Jill Stevenson
JE-15610,Jim Epp
JK-15625,Jim Karlsson
JK-15640,Jim Kriz
JM-15655,Jim Mitchum
JR-15670,Jim Radford
JS-15685,Jim Sink
JE-15715,Joe Elijah
JK-15730,Joe Kamberova
JE-15745,Joel Eaton
JC-15775,John Castell
JD-15790,John Dryer
JG-15805,John Grady
JL-15835,John Lee
JL-15850,John Lucas
JM-15865,John Murray
JS-15880,John Stevenson
JD-15895,Jonathan Doherty
JH-15910,Jonathan Howell
JB-15925,Joni Blumstein
JW-15955,Joni Wasserman
JA-15970,Joseph Airdo
JH-15985,Joseph Holt
JB-16000,Joy Bell-
JD-16015,Joy Daniels
JS-16030,Joy Smith
JB-16045,Julia Barnett
JD-16060,Julia Dunbar
JW-16075,Julia West
JK-16090,Juliana Krohn
JC-16105,Julie Creighton
JK-16120,Julie Kriz
JP-16135,Julie Prescott
JD-16150,Justin Deggeller
JE-16165,Justin Ellison
JH-16180,Justin Hirsh
JM-16195,Justin MacKendrick
JR-16210,Justin Ritter
KM-16225,Kalyca Meade
KB-16240,Karen Bern
KC-16255,Karen Carlisle
KD-16270,Karen Daniels
KF-16285,Karen Ferguson
KS-16300,Karen Seio
KB-16315,Karl Braun
KH-16330,Katharine Harms
KD-16345,Katherine Ducich
KM-16375,Katherine Murray
KN-16390,Katherine Nockton
KB-16405,Katrina Bavinger
KE-16420,Katrina Edelman
KN-16450,Kean Nguyen
KT-16465,Kean Takahito
KT-16480,Kean Thornton
KD-16495,Keith Dawkins
KH-16510,Keith Herrera
KA-16525,Kelly Andreada
KC-16540,Kelly Collister
KL-16555,Kelly Lampkin
KW-16570,Kelly Williams
KB-16585,Ken Black
KB-16600,Ken Brennan
KD-16615,Ken Dana
KH-16630,Ken Heidel
KL-16645,Ken Lonsdale
KM-16660,Khloe Miller
KC-16675,Kimberly Carter
KH-16690,Kristen Hastings
KN-16705,Kristina Nunn
KM-16720,Kunst Miller
LB-16735,Larry Blacks
LH-16750,Larry Hughes
LT-16765,Larry Tron
LA-16780,Laura Armstrong
LB-16795,Laurel Beltran
LE-16810,Laurel Elliston
LW-16825,Laurel Workman
LL-16840,Lauren Leatherbury
LC-16870,Lena Cacioppo
LC-16885,Lena Creighton
LH-16900,Lena Hernandez
LR-16915,Lena Radford
LC-16930,Linda Cazamias
LS-16945,Linda Southworth
LC-16960,Lindsay Castell
LS-16975,Lindsay Shagiari
LW-16990,Lindsay Williams
LD-17005,Lisa DeCherney
LH-17020,Lisa Hazard
LR-17035,Lisa Ryan
LC-17050,Liz Carlisle
LP-17080,Liz Pelletier
LP-17095,Liz Preis
LT-17110,Liz Thompson
LW-17125,Liz Willingham
LC-17140,Logan Currie
LH-17155,Logan Haushalter
LO-17170,Lori Olson
LF-17185,Luke Foster
LS-17200,Luke Schmidt
LW-17215,Luke Weiss
LS-17230,Lycoris Saunders
LS-17245,Lynn Smith
MM-17260,Magdelene Morse
MC-17275,Marc Crier
MH-17290,Marc Harrigan
MB-17305,Maria Bertelson
ME-17320,Maria Etezadi
MZ-17335,Maria Zettner
MD-17350,Maribeth Dona
MS-17365,Maribeth Schnelling
MY-17380,Maribeth Yedwab
ML-17395,Marina Lichtenstein
ML-17410,Maris LaWare
MC-17425,Mark Cousins
MH-17440,Mark Haberlin
MH-17455,Mark Hamilton
MV-17485,Mark Van Huff
MZ-17515,Mary Zewe
MS-17530,MaryBeth Skach
MR-17545,Mathew Reese
MA-17560,Matt Abelman
MC-17575,Matt Collins
MC-17590,Matt Collister
MC-17605,Matt Connell
MH-17620,Matt Hagelstein
MC-17635,Matthew Clasen
MG-17650,Matthew Grinstein
MF-17665,Maureen Fritzler
MG-17680,Maureen Gastineau
MS-17710,Maurice Satty
ME-17725,Max Engle
MJ-17740,Max Jones
ML-17755,Max Ludwig
MS-17770,Maxwell Schwartz
MH-17785,Maya Herman
MO-17800,Meg O'Connel
MT-17815,Meg Tillman
MS-17830,Melanie Seite
MC-17845,Michael Chen
MG-17890,Michael Granlund
MK-17905,Michael Kennedy
MM-17920,Michael Moore
MA-17995,Michelle Arnett
ME-18010,Michelle Ellison
MH-18025,Michelle Huthwaite
ML-18040,Michelle Lonsdale
MM-18055,Michelle Moray
MT-18070,Michelle Tran
MB-18085,Mick Brown
MC-18100,Mick Crebagga
MC-18130,Mike Caudle
MG-18145,Mike Gockenbach
MK-18160,Mike Kennedy
MP-18175,Mike Pelletier
MV-18190,Mike Vittorini
MW-18220,Mitch Webber
MW-18235,Mitch Willingham
MF-18250,Monica Federle
ML-18265,Muhammed Lee
MM-18280,Muhammed MacIntyre
MY-18295,Muhammed Yedwab
NL-18310,Nancy Lomonaco
NP-18325,Naresj Patel
ND-18370,Natalie DeCherney
NW-18400,Natalie Webber
NC-18415,Nathan Cano
NG-18430,Nathan Gelder
NM-18445,Nathan Mautz
ND-18460,Neil Ducich
NF-18475,Neil Französisch
NK-18490,Neil Knudson
NS-18505,Neola Schneider
NM-18520,Neoma Murray
NC-18535,Nick Crebassa
NR-18550,Nick Radford
NZ-18565,Nick Zandusky
NF-18595,Nicole Fjeld
NH-18610,Nicole Hansen
NC-18625,Noah Childs
NS-18640,Noel Staavos
NB-18655,Nona Balk
NP-18670,Nora Paige
NP-18685,Nora Pelletier
NP-18700,Nora Preis
ON-18715,Odella Nelson
OT-18730,Olvera Toch
PC-18745,Pamela Coakley
PS-18760,Pamela Stobb
PN-18775,Parhena Norris
PB-18805,Patrick Bzostek
PG-18820,Patrick Gardner
PJ-18835,Patrick Jones
PO-18850,Patrick O'Brill
PO-18865,Patrick O'Donnell
PR-18880,Patrick Ryan
PG-18895,Paul Gonzalez
PK-18910,Paul Knutson
PL-18925,Paul Lucas
PP-18955,Paul Prost
PS-18970,Paul Stevenson
PV-18985,Paul Van Hugh
PC-19000,Pauline Chand
PJ-19015,Pauline Johnson
PW-19030,Pauline Webber
PS-19045,Penelope Sewall
PA-19060,Pete Armstrong
PK-19075,Pete Kriz
PF-19120,Peter Fuller
PB-19150,Philip Brown
PF-19165,Philip Fox
PO-19180,Philisse Overcash
PO-19195,Phillina Ober
PF-19225,Phillip Flathmann
PW-19240,Pierre Wener
RP-19270,Rachel Payne
RA-19285,Ralph Arnett
RR-19315,Ralph Ritter
RF-19345,Randy Ferguson
RB-19360,Raymond Buch
RM-19375,Raymond Messe
RP-19390,Resi Pölking
RS-19420,Ricardo Sperren
RB-19435,Richard Bierner
RE-19450,Richard Eichhorn
RB-19465,Rick Bensley
RD-19480,Rick Duston
RH-19495,Rick Hansen
RH-19510,Rick Huthwaite
RW-19540,Rick Wilson
RB-19570,Rob Beeghly
RD-19585,Rob Dowd
RL-19615,Rob Lucas
RW-19630,Rob Williams
RB-19645,Robert Barroso
RD-19660,Robert Dilbeck
RM-19675,Robert Marley
RW-19690,Robert Waldorf
RB-19705,Roger Barcio
RD-19720,Roger Demir
RF-19735,Roland Fjeld
RS-19765,Roland Schwarz
RO-19780,Rose O'Brian
RB-19795,Ross Baird
RD-19810,Ross DeVincentis
RC-19825,Roy Collins
RF-19840,Roy Französisch
RP-19855,Roy Phan
RA-19885,Ruben Ausman
RD-19900,Ruben Dartt
RA-19915,Russell Applegate
RD-19930,Russell D'Ascenzo
RA-19945,Ryan Akin
RC-19960,Ryan Crowe
SH-19975,Sally Hughsby
SM-20005,Sally Matthias
SZ-20035,Sam Zeldin
SC-20050,Sample Company A
SF-20065,Sandra Flanagan
SG-20080,Sandra Glassco
SC-20095,Sanjit Chand
SE-20110,Sanjit Engle
SJ-20125,Sanjit Jacobs
SS-20140,Saphhira Shifley
SL-20155,Sara Luxemburg
SB-20170,Sarah Bern
SB-20185,Sarah Brown
SF-20200,Sarah Foster
SJ-20215,Sarah Jordon
SC-20230,Scot Coram
SW-20245,Scot Wooten
SC-20260,Scott Cohen
SW-20275,Scott Williamson
SB-20290,Sean Braxton
SC-20305,Sean Christensen
SM-20320,Sean Miller
SO-20335,Sean O'Donnell
SV-20365,Seth Vernon
SC-20380,Shahid Collister
SH-20395,Shahid Hopkins
SS-20410,Shahid Shariari
SR-20425,Sharelle Roach
SC-20440,Shaun Chance
SW-20455,Shaun Weien
SG-20470,Sheri Gordon
SD-20485,Shirley Daniels
SJ-20500,Shirley Jackson
ST-20530,Shui Tom
SN-20560,Skye Norling
SC-20575,Sonia Cooley
SS-20590,Sonia Sunley
SG-20605,Speros Goranitis
SP-20620,Stefania Perrino
SH-20635,Stefanie Holloman
SP-20650,Stephanie Phelps
SU-20665,Stephanie Ulpright
SC-20680,Steve Carroll
SN-20710,Steve Nguyen
SC-20725,Steven Cartwright
SR-20740,Steven Roelle
SW-20755,Steven Ward
SC-20770,Stewart Carmichael
SV-20785,Stewart Visinsky
SC-20800,Stuart Calhoun
SV-20815,Stuart Van
SA-20830,Sue Ann Reed
SC-20845,Sung Chung
SP-20860,Sung Pak
SS-20875,Sung Shariari
SP-20920,Susan Pistek
SV-20935,Susan Vittorini
SM-20950,Suzanne McNair
SF-20965,Sylvia Foulston
TC-20980,Tamara Chand
TD-20995,Tamara Dahlen
TM-21010,Tamara Manning
TW-21025,Tamara Willingham
TN-21040,Tanja Norvell
TT-21070,Ted Trevino
TS-21085,Thais Sissman
TH-21100,Thea Hendricks
TP-21130,Theone Pippenger
TS-21160,Theresa Swint
TB-21190,Thomas Brumley
TS-21205,Thomas Seio
TT-21220,Thomas Thornton
TH-21235,Tiffany House
TB-21250,Tim Brockman
TT-21265,Tim Taslimi
TB-21280,Toby Braunhardt
TC-21295,Toby Carlisle
TG-21310,Toby Gnade
TR-21325,Toby Ritter
TS-21340,Toby Swindell
TS-21370,Todd Sumrall
TB-21400,Tom Boeckenhauer
TP-21415,Tom Prescott
TS-21430,Tom Stivers
TT-21460,Tonja Turnell
TC-21475,Tony Chapman
TM-21490,Tony Molinari
TS-21505,Tony Sayre
TB-21520,Tracy Blumstein
TC-21535,Tracy Collins
TP-21565,Tracy Poddar
TZ-21580,Tracy Zic
TB-21595,Troy Blackwell
TS-21610,Troy Staebel
TB-21625,Trudy Brown
TG-21640,Trudy Glocke
TS-21655,Trudy Schmidt
VD-21670,Valerie Dominguez
VM-21685,Valerie Mitchum
VF-21715,Vicky Freymann
VP-21730,Victor Preis
VP-21760,Victoria Pisteka
VW-21775,Victoria Wilson
VG-21790,Vivek Gonzalez
VS-21820,Vivek Sundaresam
VM-21835,Vivian Mathis
WB-21850,William Brown
XP-21865,Xylona Preis
YS-21880,Yana Sorensen
YC-21895,Yoseph Carroll
ZC-21910,Zuschuss Carroll
ZD-21925,Zuschuss Donatelli
